"date","transaction_details","debit","credit","net_amount"
"2024-01-09","Sugarcane plate and parcel box",25,,25
"2023-12-24","Pamplet Printing",9800,,9800
"2023-12-29","Pamphlet Distribution - 2000 pamphlet",600,,600
"2023-12-30","Shop decoration for Grand Opening",2000,,2000
"2023-12-30","Pamphlet Distribution - 7000 pamphlet",2800,,2800
"2023-12-31","Shop decoration for Grand Opening",1500,,1500
"2024-01-10","Grand opening banner",1200,,1200
"2023-09-18","Loan from Giri",25000,,25000
"2023-09-24","Madhan Capital Contribution",36580,,36580
"2023-09-24","Nandhini Bhuvanesh Capital",1000,,1000
"2023-09-25","Loan from Dorai",100000,,100000
"2023-09-25","Loan from Giri",20000,,20000
"2023-09-28","Nandhini Bhuvanesh Capital Contribution",99000,,99000
"2023-09-29","Rental Deposit -  Elumalai and Sarasu",,250000,-250000
"2023-10-04","Loan from Giri",50000,,50000
"2023-10-05","Loan from Giri",35000,,35000
"2023-10-09","Loan from Dorai",100000,,100000
"2023-10-10","Logo Design",,8000,-8000
"2023-10-12","Rental Deposit - Elumalai and Sarasu",,150000,-150000
"2023-11-18","Trade Mark fees and stamp paper purchase for POA",,18080,-18080
"2023-11-18","Tea Samples",,250,-250
"2023-12-01","Shop Rent - 15 Days (Nov 16 to 30 2023)",,15000,-15000
"2023-12-09","Rubber Stamp",,300,-300
"2023-12-13","Pooja Item Purchase for Homam including return gift",,7971,-7971
"2023-12-13","CCTV - Part payment",,15000,-15000
"2023-12-18","Olx Jobs Promotion",,89,-89
"2023-12-20","Water Can Purchase",,40,-40
"2023-12-21","Flavoured Tea Samples",,556,-556
"2023-12-22","Carton box purchase",560,,560
"2023-12-23","Ice Cube purchase",,100,-100
"2023-12-23","Biscuit Purchase",,436,-436
"2023-12-24","Goli Soda Purchase",,1152,-1152
"2023-12-24","Filter and ginger purchase",,137,-137
"2023-12-24","Kitchen equipment purchase",,29,-29
"2023-12-02","Shyam Capital Contribution",100000,,100000
"2023-12-02","Equipment Purchase advance",,5000,-5000
"2023-12-09","Pooja Item Purchase",,1150,-1150
"2023-12-09","Equipment Purchase advance",,25000,-25000
"2023-12-11","God Photo Frame",,500,-500
"2023-12-12","Equipment Purchase advance",,23426,-23426
"2023-12-16","SSN - Kitchen Equipment purchases",,44924,-44924
"2024-03-01","Bank Charges for minimum balance",2360,,2360
"2024-03-12","Bank Charges- account keeping charges",159.94,,159.94
"2024-03-16","Electricity Expense",312.45,,312.45
"2023-12-23","Biscuit Purchase",436,,436
"2023-12-25","Puff Purchase",480,,480
"2023-12-26","Puff Purchase",480,,480
"2023-12-27","Puff Purchase",240,,240
"2023-12-29","Puff Purchase",215,,215
"2023-12-30","Puff Purchase",240,,240
"2024-01-01","Puff Purchase",992,,992
"2024-01-01","Puff Purchase",538,,538
"2024-01-02","Puff Purchase",270,,270
"2024-01-04","Puff Purchase",135,,135
"2024-01-05","Samosa and Puff Purchase",385,,385
"2024-01-06","Puff Purchase",270,,270
"2024-01-07","samosa purchase",380,,380
"2024-01-08","Puff Purchase",90,,90
"2024-01-09","Puff Purchase",487,,487
"2024-01-10","Puff Purchase",219,,219
"2024-01-11","Puff Purchase",210,,210
"2024-01-12","Puff Purchase",210,,210
"2024-01-13","Puff Purchase",480,,480
"2024-01-14","Puff Purchase",750,,750
"2024-01-16","Puff Purchase",505,,505
"2024-01-17","Puff Purchase",593,,593
"2024-01-18","Puff Purchase",650,,650
"2024-01-18","Biscuit Purchase",310,,310
"2024-01-19","Puff Purchase",680,,680
"2024-01-20","Puff Purchase",980,,980
"2024-01-21","Puff Purchase",100,,100
"2024-01-22","Puff Purchase",1316,,1316
"2024-01-23","Puff Purchase",696,,696
"2024-01-24","Puff Purchase",696,,696
"2024-01-25","Puff Purchase",696,,696
"2024-01-28","Puff Purchase - 26, 27 , 28 Jan",2207,,2207
"2024-01-29","Puff Purchase",614,,614
"2024-01-30","Puff Purchase",614,,614
"2024-01-31","Puff Purchase",854,,854
"2024-02-02","Puff Purchase",500,,500
"2024-02-03","Puff Purchase",754,,754
"2024-02-04","Puff Purchase",560,,560
"2024-02-05","Puff Purchase",505,,505
"2024-02-06","Puff Purchase",530,,530
"2024-02-07","Puff Purchase",566,,566
"2024-02-08","Puff Purchase",566,,566
"2024-02-09","Puff Purchase",534,,534
"2024-02-09","Biscuit Purchase",410,,410
"2024-02-10","Puff Purchase",566,,566
"2024-02-11","Puff Purchase",854,,854
"2024-02-12","Puff Purchase",417,,417
"2024-02-13","Puff Purchase",510,,510
"2024-02-14","Puff Purchase",492,,492
"2024-02-15","Puff Purchase",415,,415
"2024-02-16","Puff Purchase",550,,550
"2024-02-17","Puff Purchase",582,,582
"2024-02-19","Puff Purchase - 2 days",1188,,1188
"2024-02-20","Puff Purchase",480,,480
"2024-02-21","Puff Purchase",534,,534
"2024-02-22","Puff Purchase",295,,295
"2024-02-23","Puff Purchase",534,,534
"2024-02-24","Puff Purchase",550,,550
"2024-02-26","Puff Purchase - 2 days",968,,968
"2024-02-27","Puff Purchase",500,,500
"2024-02-27","Biscuit Purchase",360,,360
"2024-02-28","Puff Purchase",452,,452
"2024-02-29","Puff Purchase",502,,502
"2024-03-01","Puff Purchase",454,,454
"2024-03-02","Puff Purchase",524,,524
"2024-03-04","Puff Purchase - 2 days",838,,838
"2024-03-05","Puff Purchase",404,,404
"2024-03-06","Puff Purchase",500,,500
"2024-03-07","Puff Purchase",354,,354
"2024-03-08","Puff Purchase",404,,404
"2024-03-09","Puff Purchase",515,,515
"2024-03-11","Puff Purchase - 2 days",832,,832
"2024-03-12","Puff Purchase",450,,450
"2024-03-14","Biscuit Purchase",360,,360
"2024-03-14","Puff Purchase - 2 days",870,,870
"2024-03-15","Puff Purchase",476,,476
"2024-03-16","Puff Purchase",384,,384
"2023-12-14","Cash Brought in by Madhan",5000,,5000
"2023-12-26","Garbage Removal expense",,500,-500
"2023-12-29","Pamphlet Distribution - 2000 pamphlet",,600,-600
"2023-12-29","Battery Purchase",,60,-60
"2023-12-29","25, 26 , 27 and 29 sales ",6291,,6291
"2023-12-30","Switch and Bulb purchase",,65,-65
"2023-12-30","Pamphlet Distribution - 7000 pamphlet",,2800,-2800
"2023-12-30","Sales",439,,439
"2024-01-01","Puff Purchase",,305,-305
"2024-01-01","Water CAN",,160,-160
"2024-01-01","Sales - 01/01/2024",7324,,7324
"2024-01-01","Cash Transfer to SBI",,10000,-10000
"2024-01-01","Puff Purchase",,538,-538
"2024-01-02","Soda Purchase",,1152,-1152
"2024-01-02","Sales- 02-01-2024",,80,-80
"2024-01-02","Bank account transfer",,500,-500
"2024-01-03","Sales - 03-01-2024",599,,599
"2024-01-04","Misc purchase - Hand wash, pasta etc",,311,-311
"2024-01-04","Sales - 04-01-2024",430,,430
"2024-01-05","Water CAN",,200,-200
"2024-01-05","Misc Kitchen Equipment",,448,-448
"2024-01-05","Samosa and Puff Purchase",,250,-250
"2024-01-05","Dinesh - Food and Slipper purchase",,300,-300
"2024-01-05","Giri's Cash transfer",255,,255
"2024-01-05","Sales - 05-01-2024",1168,,1168
"2024-01-05","Cash Transfer to Bank",,20,-20
"2024-01-06","Dinesh - Food ",,100,-100
"2024-01-06","Floor cleaner and xerox",,130,-130
"2024-01-06","Sales - 06-01-2024",405,,405
"2024-01-07","Dinesh - Food ",,100,-100
"2024-01-07","samosa purchase",,380,-380
"2024-01-07","Sales - 07-01-2024",1016,,1016
"2024-01-08","Dinesh - Food ",,50,-50
"2024-01-08","Sales - 08-01-2024",840,,840
"2024-01-09","Dinesh - Travel expense",,1000,-1000
"2024-01-09","Sales - 09-01-2024",380,,380
"2024-01-10","Ice Cube purchase",,100,-100
"2024-01-10","Sales - 10-01-2024",1405,,1405
"2024-01-11","Sales - 11-01-2024",929,,929
"2024-01-12","Sales - 12-01-2024",480,,480
"2024-01-13","Sales - 13-01-2024 and used oil sale",1274,,1274
"2024-01-14","Aravind - Food",,100,-100
"2024-01-14","Puff Purchase",,750,-750
"2024-01-14","Water CAN",,300,-300
"2024-01-14","Sales - 14-01-2024",1440,,1440
"2024-01-15","Aravind - Food",,100,-100
"2024-01-15","Floor cleaner, oreo, kitkat, dark fantasy purchase",,790,-790
"2024-01-15","Stock Purchase  and supplies by Madhan",,163,-163
"2024-01-15","Sales - 15-01-2024",4396,,4396
"2024-01-16","Puff Purchase",,505,-505
"2024-01-16","Aravind - Food",,100,-100
"2024-01-16","Cash Transferred to Bank",,10200,-10200
"2024-01-16","Sales - 16-01-2024",2379,,2379
"2024-01-17","Puff Purchase",,593,-593
"2024-01-17","Aravind - Food",,100,-100
"2024-01-17","Sales - 17-01-2024",1226,,1226
"2024-01-18","Puff Purchase",,650,-650
"2024-01-18","Sales - 18-01-2024",1330,,1330
"2024-01-19","Puff Purchase",,680,-680
"2024-01-19","Water CAN",,160,-160
"2024-01-19","Sales - 19-01-2024",880,,880
"2024-01-20","Puff Purchase",,980,-980
"2024-01-20","Ice cream 4kg 4 and Sause",,223,-223
"2024-01-20","Sales - 20-01-2024",1025,,1025
"2024-01-21","Stock Purchase -  Ice and Lemon",,120,-120
"2024-01-21","Puff Purchase",,100,-100
"2024-01-21","Sales - 21-01-2024",1615,,1615
"2024-01-22","Puff Purchase",,1316,-1316
"2024-01-22","Boiler washer purchase - 12",,190,-190
"2024-01-22","Water Bottle and corn purchase",,70,-70
"2024-01-22","Sales - 22-01-2024",1569,,1569
"2024-01-23","Puff Purchase",,696,-696
"2024-01-23","Butter and Coffee powder purchase",,80,-80
"2024-01-23","Sales - 23-01-2024",750,,750
"2024-01-24","Puff Purchase",,696,-696
"2024-01-24","switch purchase",,40,-40
"2024-01-24","Sales - 24-01-2024",1475,,1475
"2024-01-25","Puff Purchase",,696,-696
"2024-01-25","Screw Driver, Phenyl, lemon purchase",,220,-220
"2024-01-25","Donation",,20,-20
"2024-01-25","Sales - 25-01-2024",845,,845
"2024-01-26","Stock Purchase - Victory",,2356,-2356
"2024-01-26","Water CAN",,200,-200
"2024-01-26","Aravind - Food",,100,-100
"2024-01-26","Surf, Chilly and Multi Pin Purchase",,70,-70
"2024-01-26","Sales - 26-01-2024",1999,,1999
"2024-01-27","Hand Wash Purchase",,100,-100
"2024-01-27","Sales - 27-01-2024",1163,,1163
"2024-01-28","Puff Purchase - 26, 27 , 28 Jan",,2207,-2207
"2024-01-28","Donation",,10,-10
"2024-01-28","Ice Cube Purchase",,100,-100
"2024-01-28","Sales - 28-01-2024",1381,,1381
"2024-01-29","Puff Purchase",,614,-614
"2024-01-29","Phenol purchase",,80,-80
"2024-01-30","Puff Purchase",,614,-614
"2024-01-30","Ginger, sponge and match box",,94,-94
"2024-01-30","Sales - 29-01-2024",1208,,1208
"2024-01-30","Aravind Salary Part Payment",,2000,-2000
"2024-01-31","Puff Purchase",,544,-544
"2024-01-31","Water CAN",,200,-200
"2024-01-31","Sales - 30-01-2024",1754,,1754
"2024-02-01","Lemon, panner and oil purchase",,372,-372
"2024-02-01","Sales - 31-01-2024",819,,819
"2024-02-01","Donation",,5,-5
"2024-02-02","Water CAN",,100,-100
"2024-02-02","Ginger",,40,-40
"2024-02-02","Puff Purchase",,500,-500
"2024-02-02","Toilet brush and Phenyl",,170,-170
"2024-02-02","Sales - 01-02-2024",1320,,1320
"2024-02-03","Garbage Removal expense",,500,-500
"2024-02-03","Puff Purchase",,754,-754
"2024-02-03","Sales - 02-02-2024",949,,949
"2024-02-03","Bhuvaneshwari daily salary - 3/2/2024
",,250,-250
"2024-02-04","Puff Purchase",,560,-560
"2024-02-04","Dabara Set purchase",,780,-780
"2024-02-04","Bhuvaneshwari daily salary - 4/2/2024",,450,-450
"2024-02-04","Donation",,5,-5
"2024-02-04","Sales - 03-02-2024",1220,,1220
"2024-02-05","Donation",,5,-5
"2024-02-05","Puff Purchase",,505,-505
"2024-02-05","Bhuvaneshwari daily salary - 5/2/2024",,250,-250
"2024-02-05","Sales - 04-02-2024",1688,,1688
"2024-02-06","Puff Purchase",,530,-530
"2024-02-06","Stock Purchase - Mint, Ginger",,60,-60
"2024-02-06","Bhuvaneshwari daily salary - 6/2/2024",,200,-200
"2024-02-06","Balaji daily salary - 6/2/2024",,250,-250
"2024-02-06","Rathna babu daily salary - 6/2/2024",,250,-250
"2024-02-06","Cash Transfer to Bank",,200,-200
"2024-02-06","Sales - 05-02-2024",1229,,1229
"2024-02-06","Donation",,10,-10
"2024-02-07","Sales - 06-02-2024",1732,,1732
"2024-02-07","Bhuvaneshwari, Rathna, Balaji daily salary - 7/2/2024",,700,-700
"2024-02-07","Puff Purchase",,566,-566
"2024-02-07","Rat Trap Purchase",,160,-160
"2024-02-07","Sales - 07-02-2024",856,,856
"2024-02-08","Puff Purchase",,566,-566
"2024-02-08","Donation",,5,-5
"2024-02-08","Cash Withdrawal",400,,400
"2024-02-08","Balaji daily salary - 8/2/2024",,250,-250
"2024-02-09","Puff Purchase",,534,-534
"2024-02-09","Electrical items purchase of oven switch box",,133,-133
"2024-02-09","Waste news paper and ice cube purchase",,120,-120
"2024-02-09","Sales - 08-02-2024",1705,,1705
"2024-02-09","Water CAN",,100,-100
"2024-02-09","Furniture - Table purchase",,2000,-2000
"2024-02-09","Cash transfer to bank",,300,-300
"2024-02-10","Sales - 09-02-2024",760,,760
"2024-02-10","Puff Purchase",,566,-566
"2024-02-10","Spring purchase ",,20,-20
"2024-02-10","Bhuvana daily salary - 10/2/2024",,450,-450
"2024-02-10","Stock Purchase -  Rose Syrup",,396,-396
"2024-02-11","Puff Purchase",,854,-854
"2024-02-11","Bhuvana daily salary - 11/2/2024",,500,-500
"2024-02-11","Water CAN",,40,-40
"2024-02-11","Sales - 10-02-2024",710,,710
"2024-02-12","Puff Purchase",,417,-417
"2024-02-12","Sales - 11-02-2024",725,,725
"2024-02-12","Balaji and Rathna daily salary - 12/2/2024",,500,-500
"2024-02-13","Sales - 12-02-2024",760,,760
"2024-02-13","Puff Purchase",,510,-510
"2024-02-13","Rathna daily salary - 13/2/2024",,200,-200
"2024-02-14","Sales - 13-02-2024",921,,921
"2024-02-14","Puff Purchase",,492,-492
"2024-02-14","Balaji and Bhuvana daily salary - 14/2/2024",,350,-350
"2024-02-14","PVC Bush purchase ",,120,-120
"2024-02-14","Corn Flakes and Plate",,420,-420
"2024-02-14","Donation",,5,-5
"2024-02-15","Sales - 14-02-2024",410,,410
"2024-02-15","Puff Purchase",,415,-415
"2024-02-15","Donation",,5,-5
"2024-02-15","Rathna, Balaji and Prasanth daily salary - 15/2/2024",,750,-750
"2024-02-15","Rathna, Bhavani and Prasanth daily salary - 16/2/2024",,750,-750
"2024-02-16","Sales - 15-02-2024",935,,935
"2024-02-16","Cash Withdrawal",2000,,2000
"2024-02-16","Puff Purchase",,550,-550
"2024-02-16","Rathna, Bhavani and Prasanth daily salary - 16/2/2024",,750,-750
"2024-02-17","Puff Purchase",,582,-582
"2024-02-17","Water CAN",,300,-300
"2024-02-17","Bhuvana and Prasanth daily salary - 17/2/2024",,700,-700
"2024-02-17","Sales - 16-02-2024",920,,920
"2024-02-18","Bhuvana and Prasanth daily salary - 18/2/2024",,750,-750
"2024-02-18","Sales - 17-02-2024",1635,,1635
"2024-02-19","Puff Purchase - 2 days",,1188,-1188
"2024-02-19","Rathna, Balaji and Prasanth daily salary - 19/2/2024",,750,-750
"2024-02-19","Sales - 18-02-2024",1460,,1460
"2024-02-20","Puff Purchase",,480,-480
"2024-02-20","Donation",,50,-50
"2024-02-20","Cash Withdrawal - change",2000,,2000
"2024-02-20","Sales - 19-02-2024",270,,270
"2024-02-20","Rathna, Balaji and Prasanth daily salary - 20/2/2024",,750,-750
"2024-02-21","Puff Purchase",,534,-534
"2024-02-21","Collin, Garbage cover and Ant Chalk Purchase",,200,-200
"2024-02-21","Vaishak and Prasanth daily salary - 21/2/2024",,250,-250
"2024-02-21","Sales - 20-02-2024",2470,,2470
"2024-02-22","Vaishak, Balaji and Prasanth daily salary - 22/2/2024",,500,-500
"2024-02-22","Puff Purchase",,295,-295
"2024-02-22","Sales - 21-02-2024",790,,790
"2024-02-23","Sales - 22-02-2024",1265,,1265
"2024-02-23","Puff Purchase",,534,-534
"2024-02-23","Ajith, Vaishak, Rathna and Prasanth daily salary - 23/2/2024",,750,-750
"2024-02-24","Puff Purchase",,550,-550
"2024-02-24","Ice Cream Purchase",,400,-400
"2024-02-24","Ajith, Vaishak, Rathna and Bhuvana daily salary - 24/2/2024",,600,-600
"2024-02-24","Sales - 23-02-2024",595,,595
"2024-02-25","Water Bottle Purchase",,330,-330
"2024-02-25","Sales - 24-02-2024",1205,,1205
"2024-02-25","Rathna and Prasanth daily salary - 25/2/2024",,750,-750
"2024-02-26","Sales - 25-02-2024",1330,,1330
"2024-02-26","Puff Purchase - 2 days",,968,-968
"2024-02-26","Rathna daily salary - 26/2/2024",,250,-250
"2024-02-27","Sales - 26-02-2024",730,,730
"2024-02-27","Puff Purchase",,500,-500
"2024-02-27","Donation",,5,-5
"2024-02-27","Rathna and Bhuvana daily salary - 27/2/2024",,450,-450
"2024-02-28","Sales - 27-02-2024",940,,940
"2024-02-28","Puff Purchase",,452,-452
"2024-02-28","Akash and Vaishak daily salary - 28/2/2024",,250,-250
"2024-02-29","Sales - 28-02-2024",1035,,1035
"2024-02-29","Puff Purchase",,502,-502
"2024-02-29","Ice Cube Purchase",,100,-100
"2024-02-29","Akash, Bhuvana and Rathna daily salary - 29/2/2024",,700,-700
"2024-03-01","Puff Purchase",,454,-454
"2024-03-01","Akash daily salary - 01/03/2024",,250,-250
"2024-03-01","Sales - 29-02-2024",1190,,1190
"2024-03-02","Puff Purchase",,524,-524
"2024-03-02","Donation",,5,-5
"2024-03-02","Akash daily salary - 02/03/2024",,250,-250
"2024-03-02","Sales - 01-03-2024",425,,425
"2024-03-03","Akash daily salary - 03/03/2024",,250,-250
"2024-03-03","Oil Purchase",,202,-202
"2024-03-03","Sales - 02-03-2024",1310,,1310
"2024-03-04","Puff Purchase - 2 days",,838,-838
"2024-03-04","Monthly Garbage collection",,500,-500
"2024-03-04","Sales - 03-03-2024",1485,,1485
"2024-03-04","Akash and Rathna daily salary - 04/03/2024",,300,-300
"2024-03-05","Puff Purchase",,404,-404
"2024-03-05","Donation",,10,-10
"2024-03-05","Akash,  vaishak and Rathna daily salary - 05/03/2024",,550,-550
"2024-03-05","Corn Flakes Purchase",,30,-30
"2024-03-05","Sales - 04-03-2024",930,,930
"2024-03-05"," used oil sale - 12.5 Litres",500,,500
"2024-03-06","Puff Purchase",,500,-500
"2024-03-06","Donation",,10,-10
"2024-03-06","Akash and Rathna daily salary - 06/03/2024",,450,-450
"2024-03-06","Water CAN",,540,-540
"2024-03-06","Sales - 05-03-2024",250,,250
"2024-03-07","Puff Purchase",,354,-354
"2024-03-07"," Rathna daily salary - 07/03/2024",,200,-200
"2024-03-07","Cash Deposit to Bank",,100,-100
"2024-03-07","Sales - 06-03-2024",1495,,1495
"2024-03-08","Puff Purchase",,404,-404
"2024-03-08","Corn Flakes Purchase",,20,-20
"2024-03-08","Sales - 07-03-2024",555,,555
"2024-03-09","Puff Purchase",,515,-515
"2024-03-09"," Rathna daily salary - 09/03/2024",,200,-200
"2024-03-09","Sales - 08-03-2024",1060,,1060
"2024-03-09","8 Inch Plates, Crush,  Peanut chikki, corn, ginger purchase",,1145,-1145
"2024-03-10","Sales - 09-03-2024",880,,880
"2024-03-10","Bharath paid 500 for Garbage in Bank",,500,-500
"2024-03-10"," Rathna daily salary and Ajim Salary advance - 10/03/2024",,700,-700
"2024-03-11","Puff Purchase - 2 days",,832,-832
"2024-03-11"," Rathna daily salary - 11/03/2024",,300,-300
"2024-03-11","Sales - 10-03-2024",745,,745
"2024-03-12","Puff Purchase",,450,-450
"2024-03-12","Sales - 11-03-2024",1080,,1080
"2024-03-12"," Rathna daily salary - 12/03/2024",,200,-200
"2024-03-13","Sales - 12-03-2024",530,,530
"2024-03-14","Cash deposit",,1000,-1000
"2024-03-14","Sales - 13-03-2024",751,,751
"2024-03-14","Ice Cube Purchase",,100,-100
"2024-03-14","Water CAN",,260,-260
"2024-03-14"," Rathna daily salary - 14/03/2024",,250,-250
"2024-03-14","Puff Purchase - 2 days",,870,-870
"2024-03-15","Sales - 14-03-2024",1435,,1435
"2024-03-15","Puff Purchase",,476,-476
"2024-03-15","Gomathy and Ruben daily salary - 15/03/2024",,500,-500
"2024-03-16","Sales - 15-03-2024",840,,840
"2024-03-16","Puff Purchase",,384,-384
"2024-03-16","Water CAN",,100,-100
"2024-03-16","Gomathy and Ruben daily salary - 16/03/2024",,500,-500
"2024-03-16","Water Bottle Purchase",,330,-330
"2023-12-13","CCTV - Part payment",15000,,15000
"2023-12-16","CCTV Final Payment",4500,,4500
"2023-12-20","Coffee Powder Purchase - 10 KG",3680,,3680
"2024-02-06","Coffee Powder Purchase",5830,,5830
"2024-03-15","Coffee Powder Purchase - 10 KG",5840,,5840
"2023-12-21","2nd Hand Laptop Purchase",18000,,18000
"2023-12-24","Billing Printer Purchase",7500,,7500
"2024-01-25","Donation",20,,20
"2024-01-28","Donation",10,,10
"2024-02-01","Donation",5,,5
"2024-02-04","Donation",5,,5
"2024-02-05","Donation",5,,5
"2024-02-06","Donation",10,,10
"2024-02-08","Donation",5,,5
"2024-02-14","Donation",5,,5
"2024-02-15","Donation",5,,5
"2024-02-20","Donation",50,,50
"2024-02-27","Donation",5,,5
"2024-03-02","Donation",5,,5
"2024-03-05","Donation",10,,10
"2024-03-06","Donation",10,,10
"2023-09-25","Loan from Dorai",,100000,-100000
"2023-10-09","Loan from Dorai",,100000,-100000
"2023-12-01","Shop Interior - Part Payment",,50000,-50000
"2023-12-21","2nd Hand Laptop Purchase",,18000,-18000
"2023-12-21","Part Payment to Interior",,55000,-55000
"2023-12-22","Masz Designs signboard payment",,30000,-30000
"2023-12-22","Carton box purchase",,4000,-4000
"2023-12-29","Bank Transfer",,4000,-4000
"2023-12-29","Recruitment expense",,36000,-36000
"2023-12-30","Excess Money received transferred to Loan Account",14500,,14500
"2024-03-16","Capital Increase",,22500,-22500
"2023-12-30","Switch and Bulb purchase",65,,65
"2023-12-31","Soda, lemon, samosa, tissue  purchase and tripper switch",110,,110
"2024-01-24","switch purchase",40,,40
"2024-02-09","Electrical items purchase of oven switch box",133,,133
"2023-12-30","Electricity Expense - Oct to Dec'23",2084,,2084
"2024-03-16","Electricity Expense",31152,,31152
"2024-01-05","Dinesh - Food and Slipper purchase",300,,300
"2024-01-06","Dinesh - Food ",100,,100
"2024-01-07","Dinesh - Food ",100,,100
"2024-01-07","Dinesh - Hostel Fee",5500,,5500
"2024-01-08","Dinesh - Food ",50,,50
"2024-01-09","Dinesh - Travel expense",1000,,1000
"2024-01-13","Aravind - Hostel Fee",5500,,5500
"2024-01-14","Aravind - Food",100,,100
"2024-01-15","Aravind - Food",100,,100
"2024-01-16","Aravind - Food",100,,100
"2024-01-17","Aravind - Food",100,,100
"2024-01-26","Aravind - Food",100,,100
"2024-01-29","Aravind - Food",100,,100
"2024-02-01","Aravind - Hostel Fee for Feb",4000,,4000
"2024-02-08","Aravind - Hostel Fee for Feb refund",,2000,-2000
"2024-02-09","Employee Uniform purchase",4170,,4170
"2024-02-14","surya  Hostel Fee refund",250,,250
"2024-02-15","Employee Uniform purchase",800,,800
"2023-12-29","Calcutta Employee Travel expenses",7400,,7400
"2023-12-02","Equipment Purchase advance",45000,,45000
"2023-12-09","Equipment Purchase advance
",45000,,45000
"2023-12-12","Equipment Purchase advance",23426,,23426
"2023-12-16","SSN - Kitchen Equipment purchases",,113426,-113426
"2024-01-08","Fire Extinguisher - 6 Kg purchase",1850,,1850
"2023-12-22","FSSAI License",5000,,5000
"2023-12-20","Pet Pooja Software and Paytm Machine",8850,,8850
"2024-01-06","cash separator",545.3,,545.3
"2024-01-17","Tissue Box - Amazon",1185,,1185
"2024-02-09","Furniture - Table purchase",2000,,2000
"2023-09-17","Rental Deposit and Rental Advance",,1000,-1000
"2023-09-18","Loan from Giri",,25000,-25000
"2023-09-25","Loan from Giri",,20000,-20000
"2023-10-04","Loan from Giri",,50000,-50000
"2023-10-05","Loan from Giri",,35000,-35000
"2023-10-14","Kitchen Equipment Purchase - Air Fryer, Induction, Tea Pan",,4258,-4258
"2023-10-24","Kitchen Equipment - Induction Purchase",,2100,-2100
"2023-11-04","Lock Purchase for Shop",,3000,-3000
"2023-11-18","Tea Samples",,330,-330
"2023-11-25","Frozen Food Samples",,1200,-1200
"2023-12-02","Equipment Purchase advance",,40000,-40000
"2023-12-09","Equipment Purchase advance
",,20000,-20000
"2023-12-09","Equipment Purchase - Deep fryer & Insect Killer",,6330,-6330
"2023-12-16","Jio Wifi and landline connection for 6 months",,3278,-3278
"2023-12-16","SSN - Kitchen Equipment purchases",,71405,-71405
"2023-12-18","Pouch Clips",,220,-220
"2023-12-23","Jio telephone connection refunded",3278,,3278
"2023-12-24","Pamplet Printing",,9800,-9800
"2023-12-29","Calcutta Employee Travel expenses",,7400,-7400
"2023-12-29","Recruitment expense",,33800,-33800
"2023-12-31","Kitchen Eqiupment- Induction and insect killer",,5833,-5833
"2024-01-02","Giri Loan",,30000,-30000
"2024-01-05","Samosa and Puff Purchase",,135,-135
"2024-01-05","Giri's Cash transfer",,255,-255
"2024-01-06","Puff Purchase",,270,-270
"2024-01-08","Puff Purchase",,90,-90
"2024-01-09","Sugarcane plate and parcel box",,2700,-2700
"2024-01-09","Puff Purchase",,487,-487
"2024-01-09","Garbage Bag  and stock Purchase",,450,-450
"2024-01-10","Soup and Oil purchase",,601,-601
"2024-01-10","Puff Purchase",,219,-219
"2024-01-11","Partial repayment of Giri loan",50000,,50000
"2024-01-11","Partial repayment of Giri loan",50000,,50000
"2024-01-13","Stock purchase (soup)",,270,-270
"2024-01-14","Partial repayment of Giri loan",50000,,50000
"2024-01-22","Partial repayment of Giri loan",50000,,50000
"2024-01-28","Partial repayment of Giri loan",65000,,65000
"2024-03-01","Giri Loan",,15000,-15000
"2023-12-24","Goli Soda Purchase",1152,,1152
"2024-01-02","Soda Purchase",1152,,1152
"2024-01-19","Stock Purchase - Goli Soda",2880,,2880
"2024-02-22","Stock Purchase - Goli Soda",2760,,2760
"2024-01-07","Dinesh - Hostel Fee",2000,,2000
"2024-02-14","surya  Hostel Fee refund",,2000,-2000
"2024-02-23","Ice Cream Purchase",1998,,1998
"2024-02-24","Ice Cream Purchase",400,,400
"2024-03-02","Sales - 01-03-2024",,300,-300
"2024-03-11","Oil/soup/ginger/tea filter/ice cream and curd purchase",1599,,1599
"2023-12-20","Pet Pooja Software and Paytm Machine",11800,,11800
"2023-12-24","ACT connection for 6 months",3894,,3894
"2023-10-14","Kitchen Equipment Purchase - Air Fryer, Induction, Tea Pan",4258,,4258
"2023-10-24","Kitchen Equipment - Induction Purchase",2100,,2100
"2023-11-12","Kitchen Equipment - Oven purchase",5400,,5400
"2023-12-09","Equipment Purchase - Deep fryer & Insect Killer",6330,,6330
"2023-12-16","Kitchen items purchase - Tissue Stand Purchase, Ice cube maker tray etc",1763,,1763
"2023-12-16","SSN - Kitchen Equipment purchases",235255,,235255
"2023-12-21","Kitchen Equipment and Stock purchase at Dmart",2699,,2699
"2023-12-24","Kitchen equipment purchase",6368,,6368
"2023-12-25","Dmart - Kitchen supplies purchase",1026,,1026
"2023-12-25","Sprinkler, kitchen supplies and  Flavoured Tea purchase",699,,699
"2023-12-31","Kitchen Eqiupment- Induction and insect killer",5833,,5833
"2024-01-04","Kitchen Equipment purchase - timer",219,,219
"2024-01-05","Misc Kitchen Equipment",448,,448
"2024-01-06","Dmart and Victory Purchase",3131,,3131
"2024-01-22","Plates, Container and whisker purchase",885,,885
"2024-01-24","Kitchen equipment -  Maggi PAN",629,,629
"2024-01-28","Paper Plates , Tea  glass and Tray Purchase",1980,,1980
"2024-01-30","Zepto - Stock Purchase and stool purchase",567,,567
"2024-02-04","Dabara Set purchase",780,,780
"2024-02-07","Filter and water dispensor purchase",558,,558
"2024-02-08","Amazon - Deep fryer and timer",4073,,4073
"2024-02-09","Boiler stand, filter and spoon purchase",993,,993
"2024-02-10","Amazon - Deep fryer refund",,3789,-3789
"2024-02-10","Amazon - Deep fryer and timer",4073,,4073
"2024-02-10","Amazon - Timer refund",,284,-284
"2024-02-14","Amazon - Deep fryer refund",,3789,-3789
"2023-10-10","Logo Design",8000,,8000
"2023-06-04","Teapreneur Subscription for opening new tea shop",,40000,-40000
"2023-08-28","Purchase of Kappiccino Domain in GoDaddy for 3 years",,2781,-2781
"2023-09-17","Rental Deposit and Rental Advance",,51000,-51000
"2023-09-24","Madhan Capital Contribution",,36580,-36580
"2023-10-18","Rental Advance - Stamp Paper Purchase for rental agreement",,500,-500
"2023-11-04","Purchase - Inch tape",,100,-100
"2023-11-12","Kitchen Equipment - Oven purchase",,5400,-5400
"2023-12-01","Shop Digital works  Part Payment",,50000,-50000
"2023-12-02","Padma and Gayathri Coffee sampling",,677,-677
"2023-12-11","Advance to Iyer for Homam on 14th December",,2000,-2000
"2023-12-11","Calculator Purchase",,735,-735
"2023-12-13","Pooja Items purchase - Including Homa kundam and chairs",,1520,-1520
"2023-12-13","Victory Frozen Food sample",,717,-717
"2023-12-14","Cash Brought in by Madhan",,5000,-5000
"2023-12-15","Purchased 3 TV",,27000,-27000
"2023-12-16","Kitchen items purchase - Tissue Stand Purchase, Ice cube maker tray etc",,1763,-1763
"2023-12-16","CCTV Final Payment",,4500,-4500
"2023-12-16","Namma Ooru Goli soda sample",,200,-200
"2023-12-17","Transfer to SBI current account",,10101,-10101
"2023-12-18","TV wall mount purchase",,750,-750
"2023-12-19","Cash Transfer to Bank",,50000,-50000
"2023-12-19","Tea Powder Purchase",,100,-100
"2023-12-20","Pet Pooja Software and Paytm Machine",,20650,-20650
"2023-12-20","Coffee Powder Purchase - 10 KG",,3700,-3700
"2023-12-21","Kitchen Equipment and Stock purchase at Dmart",,8118,-8118
"2023-12-23","Inventory Purchase",,12791,-12791
"2023-12-23","Instamart purchase ",,403,-403
"2023-12-24","Misc raw material purchase - Zepto",,393,-393
"2023-12-24","Raw Material Purchase - Victory",,2217,-2217
"2023-12-24","Billing Printer Purchase",,100,-100
"2023-12-24","ACT connection for 6 months",,3894,-3894
"2023-12-25","Puff Purchase",,480,-480
"2023-12-25","Dmart - Kitchen supplies purchase",,1026,-1026
"2023-12-25","tester purchase",,50,-50
"2023-12-29","Bank Transfer",,30000,-30000
"2023-12-30","Milk Purchase - 4 Litre",,261,-261
"2023-12-30","Puff Purchase",,240,-240
"2023-12-30","Electricity Expense - Oct to Dec'23",,2084,-2084
"2023-12-30","Stock Purchase",,550,-550
"2023-12-30","Shop decoration for Grand Opening",,2000,-2000
"2023-12-31","Shop decoration for Grand Opening",,1500,-1500
"2023-12-31","Soda, lemon, samosa, tissue  purchase and tripper switch",,873,-873
"2024-01-04","Stock Purchase - Victory",,2925,-2925
"2024-01-07","Dinesh - Hostel Fee",,7500,-7500
"2024-01-08","Vaibhav Purchase",,418,-418
"2024-01-09","Victory Purchase",,925,-925
"2024-01-09","Misc raw material purchase - Zepto",,213,-213
"2024-01-09","Sugarcane plate and parcel box",,369,-369
"2024-01-11","Misc raw material purchase - Zepto",,241,-241
"2024-01-15","Stock Purchase  and supplies by Madhan",,735,-735
"2024-01-28","Excess Money received transferred to Loan Account",13580,,13580
"2024-03-16","Capital Increase",,22500,-22500
"2024-01-28","Excess Money received transferred to Loan Account",,13580,-13580
"2024-02-22","Stock Purchase - Nattu kashayam ",,450,-450
"2024-03-16","Electricity Expense",,31464.45,-31464.45
"2024-03-16","Capital Increase",22500,,22500
"2023-12-25","Milk Purchase - 20 Litre",1160,,1160
"2023-12-26","Milk Purchase - 10 Litre",580,,580
"2023-12-29","Milk Purchase - 6 Litre",348,,348
"2023-12-30","Milk Purchase - 4 Litre",261,,261
"2024-01-01","Milk Purchase - 12 Litre",696,,696
"2024-01-02","Milk Purchase - 5 Litre",348,,348
"2024-01-04","Milk Purchase - 10 Litre",580,,580
"2024-01-06","Milk Purchase - 12 Litre",696,,696
"2024-01-09","Milk Purchase - 10 Litre",580,,580
"2024-01-12","Milk Purchase - 12 Litre",696,,696
"2024-01-15","Milk Purchase - 12 Litre",696,,696
"2024-01-16","Milk Purchase - 4 Litre",261,,261
"2024-01-17","Milk Purchase - 12 Litre",696,,696
"2024-01-19","Milk Purchase",190,,190
"2024-01-20","Milk Purchase",870,,870
"2024-01-21","Milk Purchase",696,,696
"2024-01-24","Milk Purchase",696,,696
"2024-01-27","Milk Purchase",696,,696
"2024-01-28","Milk Purchase",696,,696
"2024-01-30","Milk Purchase",696,,696
"2024-02-02","Milk Purchase",696,,696
"2024-02-04","Zepto - Milk Purchase",261,,261
"2024-02-05","Milk Purchase",696,,696
"2024-02-07","Milk Purchase",696,,696
"2024-02-09","Milk Purchase",870,,870
"2024-02-11","Milk Purchase",812,,812
"2024-02-14","Milk Purchase",870,,870
"2024-02-17","Milk Purchase",812,,812
"2024-02-20","Milk Purchase",812,,812
"2024-02-23","Milk Purchase",696,,696
"2024-02-25","Milk Purchase",696,,696
"2024-02-27","Milk Purchase",696,,696
"2024-03-01","Milk Purchase",696,,696
"2024-03-03","Milk Purchase",696,,696
"2024-03-05","Milk Purchase",696,,696
"2024-03-08","Milk Purchase",696,,696
"2024-03-10","Milk Purchase",696,,696
"2024-03-13","Milk Purchase",696,,696
"2024-03-15","Milk Purchase",696,,696
"2023-12-26","Garbage Removal expense",500,,500
"2023-12-30","Sales",6,,6
"2024-01-05","Sales - 05-01-2024",42,,42
"2024-01-09","Sales - 09-01-2024",125,,125
"2024-01-10","Test",1,,1
"2024-01-10","Sales - 10-01-2024",31,,31
"2024-01-16","Sales - 16-01-2024",66,,66
"2024-01-17","Sales - 17-01-2024",199,,199
"2024-01-18","Sales - 18-01-2024",5,,5
"2024-01-20","Sales - 20-01-2024",10,,10
"2024-01-21","Sales - 21-01-2024",20,,20
"2024-01-23","Sales - 23-01-2024",10,,10
"2024-01-24","Sales - 24-01-2024",85,,85
"2024-01-27","Sales - 27-01-2024",412,,412
"2024-01-29","rounding off",5.9,,5.9
"2024-01-30","Sales - 29-01-2024",207,,207
"2024-01-31","Sales - 30-01-2024",6,,6
"2024-02-01","Sales - 31-01-2024",16,,16
"2024-02-02","Sales - 01-02-2024",45,,45
"2024-02-03","Garbage Removal expense",500,,500
"2024-02-03","Sales - 02-02-2024",31,,31
"2024-02-07","Sales - 06-02-2024",78,,78
"2024-02-07","Sales - 07-02-2024",99,,99
"2024-02-09","Sales - 08-02-2024",20,,20
"2024-02-10","Sales - 09-02-2024",10,,10
"2024-02-11","Sales - 10-02-2024",10,,10
"2024-02-14","Sales - 13-02-2024",44,,44
"2024-02-16","Sales - 15-02-2024",5,,5
"2024-02-17","Sales - 16-02-2024",230,,230
"2024-02-19","Sales - 18-02-2024",20,,20
"2024-02-20","Sales - 19-02-2024",950,,950
"2024-02-25","Sales - 24-02-2024",30,,30
"2024-02-26","Sales - 25-02-2024",9,,9
"2024-03-02","Sales - 01-03-2024",20,,20
"2024-03-08","Sales - 07-03-2024",205,,205
"2024-03-16","Sales - 15-03-2024",80,,80
"2023-12-30","Test",,3.92,-3.92
"2024-01-11","Sales - 11-01-2024",,4,-4
"2024-01-13","Sales - 13-01-2024 and used oil sale",,14,-14
"2024-01-14","Sales - 14-01-2024",,57,-57
"2024-01-15","Sales - 15-01-2024",,52,-52
"2024-01-19","Sales - 19-01-2024",,200,-200
"2024-01-22","Sales - 22-01-2024",,8,-8
"2024-01-25","Sales - 25-01-2024",,40,-40
"2024-01-26","Sales - 26-01-2024",,24,-24
"2024-01-28","Sales - 28-01-2024",,495,-495
"2024-02-04","Sales - 03-02-2024",,5,-5
"2024-02-05","Sales - 04-02-2024",,26,-26
"2024-02-06","Sales - 05-02-2024",,94,-94
"2024-02-13","Sales - 12-02-2024",,65,-65
"2024-02-15","Sales - 14-02-2024",,5,-5
"2024-02-21","Sales - 20-02-2024",,895,-895
"2024-02-22","Sales - 21-02-2024",,190,-190
"2024-02-23","Sales - 22-02-2024",,10,-10
"2024-02-27","Sales - 26-02-2024",,25,-25
"2024-02-28","Sales - 27-02-2024",,20,-20
"2024-02-29","Sales - 28-02-2024",,70,-70
"2024-03-01","Sales - 29-02-2024",,25,-25
"2024-03-03","Sales - 02-03-2024",,40,-40
"2024-03-04","Sales - 03-03-2024",,85,-85
"2024-03-05","Sales - 04-03-2024",,5,-5
"2024-03-09","Sales - 08-03-2024",,25,-25
"2024-03-12","Sales - 11-03-2024",,15,-15
"2024-03-13","Misc income by swiggy",,2,-2
"2024-03-14","Sales - 13-03-2024",,1,-1
"2024-03-15","Sales - 14-03-2024",,25,-25
"2023-12-23","Instamart purchase ",403,,403
"2023-12-23","Misc Raw Material Purchase",100,,100
"2023-12-23","Ice Cube purchase",100,,100
"2023-12-24","Filter and ginger purchase",137,,137
"2023-12-24","Misc raw material purchase - Zepto",393,,393
"2024-01-04","Misc raw material purchase - Zepto",227,,227
"2024-01-04","Misc purchase - Hand wash, pasta etc",311,,311
"2024-01-09","Misc raw material purchase - Zepto",213,,213
"2024-01-11","Misc raw material purchase - Zepto",241,,241
"2023-09-24","Nandhini Bhuvanesh Capital",,1000,-1000
"2023-09-28","Nandhini Bhuvanesh Capital Contribution",,99000,-99000
"2023-12-16","SSN - Kitchen Equipment purchases",,5500,-5500
"2023-12-20","Special Tea Purchases",,3185,-3185
"2023-12-21","Cleaning Supplies",,1505,-1505
"2023-12-22","Masz Designs signboard payment",,25000,-25000
"2023-12-23","Misc Raw Material Purchase",,100,-100
"2023-12-24","Pen drive and spike Bruster",,1540,-1540
"2024-01-11","Aura Purchase",,1610,-1610
"2024-01-13","Victory Purchase",,9524,-9524
"2024-02-01","Nandhini capital and shyam loan",,15000,-15000
"2024-02-03","Dmart purchase - water bottle and soda",,557,-557
"2024-03-02","Nandhini Capital Contribution",,15000,-15000
"2023-11-04","Purchase - Inch tape",100,,100
"2023-11-04","Lock Purchase for Shop",3000,,3000
"2023-12-18","Pouch Clips",220,,220
"2023-12-20","Water Can Purchase",40,,40
"2023-12-21","Cleaning Supplies",1505,,1505
"2023-12-24","Billing Printer Purchase",600,,600
"2023-12-24","Pen drive and spike Bruster",1540,,1540
"2023-12-25","tester purchase",50,,50
"2023-12-25","Bulb and Holder Purchase",130,,130
"2023-12-25","Sprinkler, kitchen supplies and  Flavoured Tea purchase",433,,433
"2023-12-29","Battery Purchase",60,,60
"2024-01-01","Water CAN",160,,160
"2024-01-05","Water CAN",200,,200
"2024-01-06","Floor cleaner and xerox",130,,130
"2024-01-09","Garbage Bag  and stock Purchase",450,,450
"2024-01-14","Water CAN",300,,300
"2024-01-15","Floor cleaner, oreo, kitkat, dark fantasy purchase",60,,60
"2024-01-15","Stock Purchase  and supplies by Madhan",240,,240
"2024-01-18","Phenoil",40,,40
"2024-01-19","Office Supplies -  Venkateswara",1012,,1012
"2024-01-19","Water CAN",160,,160
"2024-01-20","Cleaning Supplies",120,,120
"2024-01-22","Boiler washer purchase - 12",1440,,1440
"2024-01-25","Screw Driver, Phenyl, lemon purchase",150,,150
"2024-01-26","Water CAN",200,,200
"2024-01-26","Surf, Chilly and Multi Pin Purchase",30,,30
"2024-01-28","Mouse Purchase",269,,269
"2024-01-29","Phenol purchase",80,,80
"2024-01-30","Ginger, sponge and match box",40,,40
"2024-01-31","Water CAN",200,,200
"2024-02-02","Water CAN",100,,100
"2024-02-02","Toilet brush and Phenyl",170,,170
"2024-02-03","Duplicate Keys",740,,740
"2024-02-05","Plates, Corn and Printer roll purchase",910,,910
"2024-02-07","Rat Trap Purchase",160,,160
"2024-02-09","Waste news paper and ice cube purchase",120,,120
"2024-02-09","Water CAN",100,,100
"2024-02-10","Spring purchase ",20,,20
"2024-02-11","Water CAN",40,,40
"2024-02-14","PVC Bush purchase ",120,,120
"2024-02-17","Water CAN",300,,300
"2024-02-17","Amazon - Collin Purchase",426,,426
"2024-02-20","Amazon - Collin Purchase",,426,-426
"2024-02-21","Collin, Garbage cover and Ant Chalk Purchase",644,,644
"2024-02-28","Carry Bag and HIT",97,,97
"2024-03-04","Monthly Garbage collection",500,,500
"2024-03-06","Water CAN",540,,540
"2024-03-11","Oil/soup/ginger/tea filter/ice cream and curd purchase",150,,150
"2024-03-13","Jio Recharge and momo cloth",130,,130
"2024-03-14","Mop Stick Purchase",85,,85
"2024-03-14","Water CAN",260,,260
"2024-03-16","Water CAN",100,,100
"2023-12-22","Carton box purchase",3240,,3240
"2023-12-23","Package Material - Cups ",17655,,17655
"2024-01-09","Sugarcane plate and parcel box",2675,,2675
"2024-01-28","Paper Plates , Tea  glass and Tray Purchase",1185,,1185
"2024-02-28","Carry Bag and HIT",540,,540
"2024-03-07","8 Inch Plates and Head cap",320,,320
"2024-03-09","8 Inch Plates, Crush,  Peanut chikki, corn, ginger purchase",455,,455
"2024-01-06","Sales - 06-01-2024",2.22,,2.22
"2024-01-07","Sales - 07-01-2024",0.27,,0.27
"2024-01-10","Sales - 10-01-2024",2.57,,2.57
"2024-01-14","Sales - 14-01-2024",2.4,,2.4
"2024-01-15","Sales - 15-01-2024",2.93,,2.93
"2024-01-16","Sales - 16-01-2024",1.95,,1.95
"2024-01-17","Sales - 17-01-2024",1.06,,1.06
"2024-01-20","Sales - 20-01-2024",78.18,,78.18
"2024-01-21","Sales - 21-01-2024",1.16,,1.16
"2024-01-23","Sales - 23-01-2024",194.34,,194.34
"2024-01-24","Sales - 24-01-2024",0.45,,0.45
"2024-01-24","Bulk Posting",,216,-216
"2024-01-25","Sales - 25-01-2024",140,,140
"2024-01-27","Sales - 27-01-2024",71.86,,71.86
"2024-01-28","Sales - 28-01-2024",1.24,,1.24
"2024-01-30","Sales - 29-01-2024",0.45,,0.45
"2024-01-31","Sales - 30-01-2024",1.51,,1.51
"2024-02-05","Sales - 04-02-2024",0.33,,0.33
"2024-02-07","Sales - 06-02-2024",0.59,,0.59
"2024-02-07","Sales - 07-02-2024",0.89,,0.89
"2024-02-09","Sales - 08-02-2024",0.68,,0.68
"2024-02-13","Sales - 12-02-2024",0.71,,0.71
"2024-02-14","Sales - 13-02-2024",0.89,,0.89
"2024-02-16","Sales - 15-02-2024",1.76,,1.76
"2024-02-17","Sales - 16-02-2024",1.94,,1.94
"2024-02-21","Sales - 20-02-2024",0.76,,0.76
"2024-02-25","Sales - 24-02-2024",6.69,,6.69
"2024-02-26","Sales - 25-02-2024",1.78,,1.78
"2024-03-01","Sales - 29-02-2024",2.94,,2.94
"2024-03-03","Sales - 02-03-2024",0.35,,0.35
"2024-03-07","Sales - 06-03-2024",0.53,,0.53
"2024-03-10","Sales - 09-03-2024",1.4,,1.4
"2024-03-12","Sales - 11-03-2024",0.89,,0.89
"2024-03-14","Sales - 13-03-2024",44.74,,44.74
"2024-03-15","Sales - 14-03-2024",1.88,,1.88
"2024-03-16","Sales - 15-03-2024",0.59,,0.59
"2023-12-09","Pooja Item Purchase",1150,,1150
"2023-12-11","Advance to Iyer for Homam on 14th December",2000,,2000
"2023-12-11","God Photo Frame",500,,500
"2023-12-13","Pooja Item Purchase for Homam including return gift.",7971,,7971
"2023-12-13","Pooja Items purchase - Including Homa kundam and chairs",1520,,1520
"2023-12-14","Homam - Iyer Balance Payment",3000,,3000
"2023-06-16","Stamp Paper Purchase",600,,600
"2023-11-18","Trade Mark fees and stamp paper purchase for POA",80,,80
"2023-12-09","Rubber Stamp",300,,300
"2023-12-11","Calculator Purchase",735,,735
"2024-01-16","QR Label Printing",95,,95
"2024-01-18","Menu Card and Stamp Printing ",900,,900
"2024-01-19","FSSAI Label Printing",45,,45
"2024-01-23","Menu Design",7200,,7200
"2024-02-19","Stock purchase -  Hibiscus, Ginger, lemon, mint and SOP print",66,,66
"2023-12-30","Excess Money received transferred to Loan Account",,14500,-14500
"2024-03-01","Ram Loan",,25000,-25000
"2024-03-16","Capital Increase",22500,,22500
"2023-12-21","Kitchen Equipment and Stock purchase at Dmart",5419,,5419
"2023-12-23","Inventory Purchase",12791,,12791
"2023-12-24","Raw Material Purchase - Victory",2117,,2117
"2024-01-08","Sales - 08-01-2024",225,,225
"2024-01-11","Sales - 11-01-2024",,225,-225
"2023-12-18","Olx Jobs Promotion",89,,89
"2023-12-29","Recruitment expense",89800,,89800
"2024-01-01","Recruitment Expenses -  Kaigal.com",1000,,1000
"2024-01-08","Olx Jobs Promotion",999,,999
"2024-01-14","Olx Jobs Promotion",69,,69
"2024-01-25","Local Jobs Promotion",600,,600
"2023-12-01","Shop Rent - 15 Days (Nov 16 to 30 2023)",16500,,16500
"2024-01-02","Shop Rent - Dec 2023",33000,,33000
"2024-02-01","Shop Rent - Jan 2024",33000,,33000
"2024-03-02","Shop Rent - Feb 2024",33000,,33000
"2023-09-17","Rental Deposit and Rental Advance",1000,,1000
"2023-10-18","Rental Advance - Stamp Paper Purchase for rental agreement",500,,500
"2023-12-01","Shop Rent - 15 Days (Nov 16 to 30 2023)",,1500,-1500
"2023-09-17","Rental Deposit and Rental Advance",100000,,100000
"2023-09-29","Rental Deposit -  Elumalai and Sarasu",250000,,250000
"2023-10-12","Rental Deposit - Elumalai and Sarasu",150000,,150000
"2024-01-11","Malli Salary - Dec 24 to Dec 31st",5500,,5500
"2024-01-30","Aravind Salary Part Payment",2000,,2000
"2024-02-01","Malli Salary - Jan 2024",20000,,20000
"2024-02-01","Aravind Salary - Jan 2024",5000,,5000
"2024-02-03","Bhuvaneshwari daily salary - 3/2/2024
",250,,250
"2024-02-04","Bhuvaneshwari daily salary - 4/2/2024",450,,450
"2024-02-05","Bhuvaneshwari daily salary - 5/2/2024",250,,250
"2024-02-06","Bhuvaneshwari daily salary - 6/2/2024",200,,200
"2024-02-06","Balaji daily salary - 6/2/2024",250,,250
"2024-02-06","Rathna babu daily salary - 6/2/2024",250,,250
"2024-02-07","Bhuvaneshwari, Rathna, Balaji daily salary - 7/2/2024",700,,700
"2024-02-08","Balaji daily salary - 8/2/2024",250,,250
"2024-02-09","Balaji daily salary - 9/2/2024",250,,250
"2024-02-10","Bhuvana daily salary - 10/2/2024",450,,450
"2024-02-11","Bhuvana daily salary - 11/2/2024",500,,500
"2024-02-12","Balaji and Rathna daily salary - 12/2/2024",500,,500
"2024-02-13","Rathna daily salary - 13/2/2024",200,,200
"2024-02-14","Balaji and Bhuvana daily salary - 14/2/2024",350,,350
"2024-02-15","Rathna, Balaji and Prasanth daily salary - 15/2/2024",750,,750
"2024-02-15","Rathna, Bhavani and Prasanth daily salary - 16/2/2024",750,,750
"2024-02-16","Rathna, Bhavani and Prasanth daily salary - 16/2/2024",750,,750
"2024-02-17","Bhuvana and Prasanth daily salary - 17/2/2024",700,,700
"2024-02-18","Bhuvana and Prasanth daily salary - 18/2/2024",750,,750
"2024-02-19","Rathna, Balaji and Prasanth daily salary - 19/2/2024",750,,750
"2024-02-20","Rathna, Balaji and Prasanth daily salary - 20/2/2024",750,,750
"2024-02-21","Vaishak and Prasanth daily salary - 21/2/2024",500,,500
"2024-02-22","Vaishak, Balaji and Prasanth daily salary - 22/2/2024",750,,750
"2024-02-23","Ajith, Vaishak, Rathna and Prasanth daily salary - 23/2/2024",1100,,1100
"2024-02-24","Ajith, Vaishak, Rathna and Bhuvana daily salary - 24/2/2024",850,,850
"2024-02-25","Rathna and Prasanth daily salary - 25/2/2024",750,,750
"2024-02-26","Rathna daily salary - 26/2/2024",250,,250
"2024-02-27","Rathna and Bhuvana daily salary - 27/2/2024",450,,450
"2024-02-28","Akash and Vaishak daily salary - 28/2/2024",750,,750
"2024-02-29","Akash, Bhuvana and Rathna daily salary - 29/2/2024",700,,700
"2024-03-01","Akash daily salary - 01/03/2024",250,,250
"2024-03-02","Akash daily salary - 02/03/2024",250,,250
"2024-03-03","Akash daily salary - 03/03/2024",250,,250
"2024-03-04","Akash and Rathna daily salary - 04/03/2024",550,,550
"2024-03-05","Akash,  vaishak and Rathna daily salary - 05/03/2024",800,,800
"2024-03-05","Malli Salary - Feb 2024",20000,,20000
"2024-03-06","Akash and Rathna daily salary - 06/03/2024",450,,450
"2024-03-07"," Rathna daily salary - 07/03/2024",200,,200
"2024-03-09"," Rathna daily salary - 09/03/2024",200,,200
"2024-03-10"," Rathna daily salary and Ajim Salary advance - 10/03/2024",700,,700
"2024-03-11"," Rathna daily salary - 11/03/2024",300,,300
"2024-03-12"," Rathna daily salary - 12/03/2024",200,,200
"2024-03-14"," Rathna daily salary - 14/03/2024",250,,250
"2024-03-15","Gomathy and Ruben daily salary - 15/03/2024",500,,500
"2024-03-16","Gomathy and Ruben daily salary - 16/03/2024",500,,500
"2023-12-29","25, 26 , 27 and 29 sales ",,12482,-12482
"2023-12-30","Sales",,2140,-2140
"2024-01-01","Sales - 01/01/2024",,13881.99,-13881.99
"2024-01-02","Sales- 02-01-2024",,2116,-2116
"2024-01-03","Sales - 03-01-2024",,3039,-3039
"2024-01-04","Sales - 04-01-2024",,2485,-2485
"2024-01-05","Sales - 05-01-2024",,3500,-3500
"2024-01-05","Cash Transfer to Bank",20,,20
"2024-01-06","Sales - 06-01-2024",,3685,-3685
"2024-01-07","Sales - 07-01-2024",,3871,-3871
"2024-01-08","Sales - 08-01-2024",,3050,-3050
"2024-01-09","Sales - 09-01-2024",,1745,-1745
"2024-01-10","Sales - 10-01-2024",,3065,-3065
"2024-01-11","Sales - 11-01-2024",,3395,-3395
"2024-01-12","Sales - 12-01-2024",,2520,-2520
"2024-01-13","Sales - 13-01-2024 and used oil sale",,4245,-4245
"2024-01-14","Sales - 14-01-2024",,7195,-7195
"2024-01-15","Sales - 15-01-2024",,9299,-9299
"2024-01-16","Sales - 16-01-2024",,5470,-5470
"2024-01-17","Sales - 17-01-2024",,4203,-4203
"2024-01-18","Sales - 18-01-2024",,3885,-3885
"2024-01-19","Sales - 19-01-2024",,3555,-3555
"2024-01-20","Sales - 20-01-2024",,7220,-7220
"2024-01-21","Sales - 21-01-2024",,4195,-4195
"2024-01-22","Sales - 22-01-2024",,3105,-3105
"2024-01-23","Sales - 23-01-2024",,2650,-2650
"2024-01-24","Sales - 24-01-2024",,3750,-3750
"2024-01-25","Sales - 25-01-2024",,5490,-5490
"2024-01-26","Sales - 26-01-2024",,5937.14,-5937.14
"2024-01-27","Sales - 27-01-2024",,8600,-8600
"2024-01-28","Sales - 28-01-2024",,5902,-5902
"2024-01-30","Sales - 29-01-2024",,3125,-3125
"2024-01-31","Sales - 30-01-2024",,4765,-4765
"2024-02-01","Sales - 31-01-2024",,3480,-3480
"2024-02-02","Sales - 01-02-2024",,4065,-4065
"2024-02-03","Sales - 02-02-2024",,3265,-3265
"2024-02-04","Sales - 03-02-2024",,5631,-5631
"2024-02-05","Sales - 04-02-2024",,4120,-4120
"2024-02-06","Sales - 05-02-2024",,3520,-3520
"2024-02-07","Sales - 06-02-2024",,5390,-5390
"2024-02-07","Sales - 07-02-2024",,2950,-2950
"2024-02-09","Sales - 08-02-2024",,4130,-4130
"2024-02-10","Sales - 09-02-2024",,3650,-3650
"2024-02-11","Sales - 10-02-2024",,3345,-3345
"2024-02-12","Sales - 11-02-2024",,5380,-5380
"2024-02-13","Sales - 12-02-2024",,2680,-2680
"2024-02-14","Sales - 13-02-2024",,3490,-3490
"2024-02-15","Sales - 14-02-2024",,3650,-3650
"2024-02-16","Sales - 15-02-2024",,2735,-2735
"2024-02-17","Sales - 16-02-2024",,5085,-5085
"2024-02-18","Sales - 17-02-2024",,3475,-3475
"2024-02-19","Sales - 18-02-2024",,4265,-4265
"2024-02-20","Sales - 19-02-2024",,3060,-3060
"2024-02-21","Sales - 20-02-2024",,3260,-3260
"2024-02-22","Sales - 21-02-2024",,3150,-3150
"2024-02-23","Sales - 22-02-2024",,4330,-4330
"2024-02-24","Sales - 23-02-2024",,4260,-4260
"2024-02-25","Sales - 24-02-2024",,4015,-4015
"2024-02-26","Sales - 25-02-2024",,3285,-3285
"2024-02-27","Sales - 26-02-2024",,2470,-2470
"2024-02-28","Sales - 27-02-2024",,3480,-3480
"2024-02-29","Sales - 28-02-2024",,3215,-3215
"2024-03-01","Sales - 29-02-2024",,2985,-2985
"2024-03-02","Sales - 01-03-2024",,4405,-4405
"2024-03-03","Sales - 02-03-2024",,4145,-4145
"2024-03-04","Sales - 03-03-2024",,5025,-5025
"2024-03-05","Sales - 04-03-2024",,2910,-2910
"2024-03-06","Sales - 05-03-2024",,2485,-2485
"2024-03-07","Sales - 06-03-2024",,4375,-4375
"2024-03-08","Sales - 07-03-2024",,3075,-3075
"2024-03-09","Sales - 08-03-2024",,3285,-3285
"2024-03-10","Sales - 09-03-2024",,3055,-3055
"2024-03-11","Sales - 10-03-2024",,3835,-3835
"2024-03-12","Sales - 11-03-2024",,3050,-3050
"2024-03-13","Sales - 12-03-2024",,2785,-2785
"2024-03-14","Sales - 13-03-2024",,5320,-5320
"2024-03-15","Sales - 14-03-2024",,3865,-3865
"2024-03-16","Sales - 15-03-2024",,3845,-3845
"2023-11-18","Tea Samples",580,,580
"2023-11-25","Frozen Food Samples",1200,,1200
"2023-12-02","Padma and Gayathri Coffee sampling",677,,677
"2023-12-13","Victory Frozen Food sample",717,,717
"2023-12-16","Namma Ooru Goli soda sample",200,,200
"2023-12-21","Flavoured Tea Samples",556,,556
"2024-01-26","Sampling - Cheese balls and Pizza stick",328,,328
"2024-01-10","Sathvika Giri Captial contribution",,50001,-50001
"2024-01-11","Sathvika Giri Captial contribution",,50000,-50000
"2024-01-14","Sathvika Giri Captial contribution",,50000,-50000
"2024-01-22","Sathvika Giri Captial contribution",,50000,-50000
"2024-01-27","Sathvika Giri Captial contribution",,65000,-65000
"2024-02-02","Sathvika Giri Captial contribution",,10000,-10000
"2023-12-17","Transfer to SBI current account",10101,,10101
"2023-12-19","Cash Transfer to Bank",50000,,50000
"2023-12-19","Tea Powder Purchase",,11500,-11500
"2023-12-24","test",1,,1
"2023-12-25","Milk Purchase - 20 Litre",,1160,-1160
"2023-12-26","Milk Purchase - 10 Litre",,580,-580
"2023-12-29","Milk Purchase - 6 Litre",,348,-348
"2023-12-29","Bank Transfer",34000,,34000
"2023-12-29","25, 26 , 27 and 29 sales ",6191,,6191
"2023-12-30","Test",3.92,,3.92
"2023-12-30","Stock Purchase",,5546,-5546
"2023-12-30","Sales",1695,,1695
"2024-01-01","Stock Purchase",,3913,-3913
"2024-01-01","Recruitment Expenses -  Kaigal.com",,1000,-1000
"2024-01-01","Puff Purchase",,992,-992
"2024-01-01","Milk Purchase - 12 Litre",,696,-696
"2024-01-01","Sales - 01/01/2024",6557.99,,6557.99
"2024-01-01","Cash Transfer to SBI",10000,,10000
"2024-01-02","Puff Purchase",,270,-270
"2024-01-02","Shop Rent - Dec 2023",,33000,-33000
"2024-01-02","Milk Purchase - 5 Litre",,348,-348
"2024-01-02","Giri Loan",30000,,30000
"2024-01-02","Sales- 02-01-2024",2196,,2196
"2024-01-02","Bank account transfer",500,,500
"2024-01-03","Sales - 03-01-2024",2440,,2440
"2024-01-03","Shop interior - New Motor and Toilet work",,10000,-10000
"2024-01-04","Stock Purchase - Victory",,1529,-1529
"2024-01-04","Puff Purchase",,135,-135
"2024-01-04","Milk Purchase - 10 Litre",,580,-580
"2024-01-04","Misc raw material purchase - Zepto",,227,-227
"2024-01-04","Kitchen Equipment purchase - timer",,219,-219
"2024-01-04","Sales - 04-01-2024",2055,,2055
"2024-01-05","Sales - 05-01-2024",2290,,2290
"2024-01-06","Milk Purchase - 12 Litre",,696,-696
"2024-01-06","cash separator",,545.3,-545.3
"2024-01-06","Dmart and Victory Purchase",,5546,-5546
"2024-01-06","Sales - 06-01-2024",3277.78,,3277.78
"2024-01-07","Sales - 07-01-2024",2854.73,,2854.73
"2024-01-08","Shop Foam Board Stickers",,17000,-17000
"2024-01-08","Olx Jobs Promotion",,999,-999
"2024-01-08","Fire Extinguisher - 6 Kg purchase",,1850,-1850
"2024-01-08","Sales - 08-01-2024",1985,,1985
"2024-01-09","Garbage Bag  and stock Purchase",,1232.55,-1232.55
"2024-01-09","Milk Purchase - 10 Litre",,580,-580
"2024-01-09","Sales - 09-01-2024",1240,,1240
"2024-01-10","Grand opening banner",,1200,-1200
"2024-01-10","Shop interior - Toilet work",,28000,-28000
"2024-01-10","Sathvika Giri Captial contribution",50001,,50001
"2024-01-10","Test",,1,-1
"2024-01-10","Sales - 10-01-2024",1626.43,,1626.43
"2024-01-11","Puff Purchase",,210,-210
"2024-01-11","Partial repayment of Giri loan",,50000,-50000
"2024-01-11","Malli Salary - Dec 24 to Dec 31st",,5500,-5500
"2024-01-11","Partial repayment of Giri loan",,50000,-50000
"2024-01-11","Sathvika Giri Captial contribution",50000,,50000
"2024-01-11","Sales - 11-01-2024",2695,,2695
"2024-01-12","Milk Purchase - 12 Litre",,696,-696
"2024-01-12","Puff Purchase",,210,-210
"2024-01-12","Sales - 12-01-2024",2040,,2040
"2024-01-13","Aravind - Hostel Fee",,5500,-5500
"2024-01-13","Sales - 13-01-2024 and used oil sale",3425,,3425
"2024-01-13","Puff Purchase",,480,-480
"2024-01-14","Partial repayment of Giri loan",,50000,-50000
"2024-01-14","Sathvika Giri Captial contribution",50000,,50000
"2024-01-14","Olx Jobs Promotion",,69,-69
"2024-01-14","Sales - 14-01-2024",5809.6,,5809.6
"2024-01-15","Milk Purchase - 12 Litre",,696,-696
"2024-01-15","Victory Purchase",,4348,-4348
"2024-01-15","Sales - 15-01-2024",4952.07,,4952.07
"2024-01-16","Milk Purchase - 4 Litre",,261,-261
"2024-01-16","Victory Purchase",,2847,-2847
"2024-01-16","QR Label Printing",,95,-95
"2024-01-16","Cash Transferred to Bank",10200,,10200
"2024-01-16","Sales - 16-01-2024",3023.05,,3023.05
"2024-01-17","Milk Purchase - 12 Litre",,696,-696
"2024-01-17","Vaibhav Purchase",,1583,-1583
"2024-01-17","Victory Purchase",,947,-947
"2024-01-17","Tissue Box - Amazon",,1185,-1185
"2024-01-17","Sales - 17-01-2024",2776.94,,2776.94
"2024-01-18","Victory Purchase",,240,-240
"2024-01-18","Menu Card and Stamp Printing ",,900,-900
"2024-01-18","Sales - 18-01-2024",2550,,2550
"2024-01-18","Biscuit Purchase",,310,-310
"2024-01-18","Phenoil",,40,-40
"2024-01-19","Stock Purchase - Goli Soda",,2880,-2880
"2024-01-19","Milk Purchase",,190,-190
"2024-01-19","FSSAI Label Printing",,45,-45
"2024-01-19","Office Supplies -  Venkateswara",,1012,-1012
"2024-01-19","Stock Purchase - BigBasket",,780,-780
"2024-01-19","Sales - 19-01-2024",2875,,2875
"2024-01-19","Xantham Gum Refund",588,,588
"2024-01-20","Milk Purchase",,870,-870
"2024-01-20","Ice cream 4kg 4 and Sause",,1160,-1160
"2024-01-20","Stock Purchase -  DMART - Soda and OIL",,1710,-1710
"2024-01-20","Water Bottle",,200,-200
"2024-01-20","Stock Purchase - Packing material",,560,-560
"2024-01-20","Cleaning Supplies",,120,-120
"2024-01-20","Sales - 20-01-2024",6106.82,,6106.82
"2024-01-21","Milk Purchase",,696,-696
"2024-01-21","Sales - 21-01-2024",2558.84,,2558.84
"2024-01-22","Boiler washer purchase - 12",,1440,-1440
"2024-01-22","Water Bottle and corn purchase",,200,-200
"2024-01-22","Plates, Container and whisker purchase",,885,-885
"2024-01-22","Sathvika Giri Captial contribution",50000,,50000
"2024-01-22","Partial repayment of Giri loan",,50000,-50000
"2024-01-22","Sales - 22-01-2024",1544,,1544
"2024-01-23","Stock Purchase - Victory",,1116,-1116
"2024-01-23","Vaibhav Purchase",,1907,-1907
"2024-01-23","Menu Design",,7200,-7200
"2024-01-23","Sales - 23-01-2024",1695.66,,1695.66
"2024-01-24","Milk Purchase",,696,-696
"2024-01-24","Stock Purchase - Victory",,1265,-1265
"2024-01-24","Kitchen equipment -  Maggi PAN",,629,-629
"2024-01-24","Sales - 24-01-2024",2189.55,,2189.55
"2024-01-24","Bulk Posting",216,,216
"2024-01-25","Local Jobs Promotion",,600,-600
"2024-01-25","Sales - 25-01-2024",4545,,4545
"2024-01-26","Sampling - Cheese balls and Pizza stick",,328,-328
"2024-01-26","Canva Pro software subscription",,299,-299
"2024-01-26","Sales - 26-01-2024",3962.14,,3962.14
"2024-01-27","Milk Purchase",,696,-696
"2024-01-27","Stock Purchase - Victory and mint",,581,-581
"2024-01-27"," used oil sale",450,,450
"2024-01-27","Sathvika Giri Captial contribution",65000,,65000
"2024-01-27","Sales - 27-01-2024",6953.14,,6953.14
"2024-01-28","Milk Purchase",,696,-696
"2024-01-28","Stock Purchase - Victory",,6311,-6311
"2024-01-28","Paper Plates , Tea  glass and Tray Purchase",,3165,-3165
"2024-01-28","Water Bottle",,200,-200
"2024-01-28","Partial repayment of Giri loan",,65000,-65000
"2024-01-28","Sales - 28-01-2024",5014.76,,5014.76
"2024-01-28","Mouse Purchase",,269,-269
"2024-01-29","rounding off",,5.9,-5.9
"2024-01-29","Ice Cream Purchase",,1298,-1298
"2024-01-29","Aravind - Food",,100,-100
"2024-01-30","Milk Purchase",,696,-696
"2024-01-30","Zepto - Stock Purchase and stool purchase",,1322,-1322
"2024-01-30","Sales - 29-01-2024",1709.55,,1709.55
"2024-01-31","Puff Purchase",,310,-310
"2024-01-31","Sales - 30-01-2024",3003.49,,3003.49
"2024-02-01","Shop Rent - Jan 2024",,33000,-33000
"2024-02-01","Malli Salary - Jan 2024",,20000,-20000
"2024-02-01","Aravind Salary - Jan 2024",,5000,-5000
"2024-02-01","Zepto - Milk and sugar purchase",,687,-687
"2024-02-01","Sales - 31-01-2024",2645,,2645
"2024-02-01","Nandhini capital and shyam loan",15010,,15010
"2024-02-01","Aravind - Hostel Fee for Feb",,4000,-4000
"2024-02-02","Stock Purchase - Victory",,7309,-7309
"2024-02-02","Sathvika Giri Captial contribution",10000,,10000
"2024-02-02","Milk Purchase",,696,-696
"2024-02-02","Sales - 01-02-2024",2700,,2700
"2024-02-03","Duplicate Keys",,740,-740
"2024-02-03","Sales - 02-02-2024",2285,,2285
"2024-02-04","Zepto - Milk Purchase",,261,-261
"2024-02-04","Sales - 03-02-2024",4416,,4416
"2024-02-05","Milk Purchase",,696,-696
"2024-02-05","Plates, Corn and Printer roll purchase",,910,-910
"2024-02-05","Sales - 04-02-2024",2457.67,,2457.67
"2024-02-05","Boost, Horlicks and Badam -Purchase",,275,-275
"2024-02-06","Coffee Powder Purchase",,5830,-5830
"2024-02-06","Cash Transfer to Bank",200,,200
"2024-02-06","Sales - 05-02-2024",2385,,2385
"2024-02-07","Sales - 06-02-2024",3579.41,,3579.41
"2024-02-07","Milk Purchase",,696,-696
"2024-02-07","Ice Cream Purchase",,1599,-1599
"2024-02-07","Stock Purchase - Victory",,6273,-6273
"2024-02-07","Lemon Purchase",,23,-23
"2024-02-07","Filter and water dispensor purchase",,558,-558
"2024-02-07","Sales - 07-02-2024",1994.11,,1994.11
"2024-02-08","Cash Withdrawal",,400,-400
"2024-02-08","Amazon - Deep fryer and timer",,4073,-4073
"2024-02-08","Aravind - Hostel Fee for Feb refund",2000,,2000
"2024-02-09","Milk Purchase",,870,-870
"2024-02-09","Employee Uniform purchase",,4170,-4170
"2024-02-09","Sales - 08-02-2024",2404.32,,2404.32
"2024-02-09","Soup purchase",,190,-190
"2024-02-09","Boiler stand, filter and spoon purchase",,993,-993
"2024-02-09","Balaji daily salary - 9/2/2024",,250,-250
"2024-02-09","Biscuit Purchase",,410,-410
"2024-02-09","Cash transfer to bank",300,,300
"2024-02-10","Sales - 09-02-2024",2880,,2880
"2024-02-10","Amazon - Deep fryer refund",3789,,3789
"2024-02-10","Amazon - Deep fryer and timer",,4073,-4073
"2024-02-10"," used oil sale",450,,450
"2024-02-10","Amazon - Timer refund",284,,284
"2024-02-11","Milk Purchase",,812,-812
"2024-02-11","Sales - 10-02-2024",2625,,2625
"2024-02-12","Sales - 11-02-2024",4655,,4655
"2024-02-12","Stock Purchase - Ice cream, oil and victory",,9126,-9126
"2024-02-13","Sales - 12-02-2024",1984.29,,1984.29
"2024-02-13","Zepto - ginger and soup",,309,-309
"2024-02-14","Sales - 13-02-2024",2524.11,,2524.11
"2024-02-14","Milk Purchase",,870,-870
"2024-02-14","Amazon - Deep fryer refund",3789,,3789
"2024-02-14","surya  Hostel Fee refund",1750,,1750
"2024-02-15","Sales - 14-02-2024",3245,,3245
"2024-02-15","Employee Uniform purchase",,800,-800
"2024-02-16","Sales - 15-02-2024",1793.24,,1793.24
"2024-02-16","ginger and Lemon",,90,-90
"2024-02-16","Cash Withdrawal",,2000,-2000
"2024-02-17","Milk Purchase",,812,-812
"2024-02-17","Stock Purchase - victory",,4478,-4478
"2024-02-17","Amazon - Collin Purchase",,426,-426
"2024-02-17","Dmart - Water bottle, soda, dustbin, jaggery powder",,1012,-1012
"2024-02-17","Tea Powder - 2 kg refund",460,,460
"2024-02-17","Sales - 16-02-2024",3933.06,,3933.06
"2024-02-18","Sales - 17-02-2024",1840,,1840
"2024-02-19","Stock purchase -  Hibiscus, Ginger, lemon, mint and SOP print",,394,-394
"2024-02-19","Sales - 18-02-2024",2785,,2785
"2024-02-20","Cash Withdrawal - change",,2000,-2000
"2024-02-20","Milk Purchase",,812,-812
"2024-02-20","Shop interior - Wash basin change and switch board",,12400,-12400
"2024-02-20","Sales - 19-02-2024",1840,,1840
"2024-02-20","Amazon - Collin Purchase",426,,426
"2024-02-21","Collin, Garbage cover and Ant Chalk Purchase",,444,-444
"2024-02-21","Vaishak and Prasanth daily salary - 21/2/2024",,250,-250
"2024-02-21","Sales - 20-02-2024",1684.24,,1684.24
"2024-02-22","Vaishak, Balaji and Prasanth daily salary - 22/2/2024",,250,-250
"2024-02-22","Sales - 21-02-2024",2550,,2550
"2024-02-22","Stock Purchase - Goli Soda",,2760,-2760
"2024-02-22","Stock Purchase -  Choco syrup, lemon, oreo, soup, ginger",,773.34,-773.34
"2024-02-23","Sales - 22-02-2024",3075,,3075
"2024-02-23","Ajith, Vaishak, Rathna and Prasanth daily salary - 23/2/2024",,350,-350
"2024-02-23","Milk Purchase",,696,-696
"2024-02-23","Stock Purchase - victory",,3792,-3792
"2024-02-23","Ice Cream Purchase",,1998,-1998
"2024-02-24","Ajith, Vaishak, Rathna and Bhuvana daily salary - 24/2/2024",,250,-250
"2024-02-24","Zepto - Milk and Lemon",,243.02,-243.02
"2024-02-24","Sales - 23-02-2024",3665,,3665
"2024-02-25","Milk Purchase",,696,-696
"2024-02-25","Sales - 24-02-2024",2773.31,,2773.31
"2024-02-26","Sales - 25-02-2024",1944.22,,1944.22
"2024-02-27","Sales - 26-02-2024",1765,,1765
"2024-02-27","Milk Purchase",,696,-696
"2024-02-27","Biscuit Purchase",,360,-360
"2024-02-28","Sales - 27-02-2024",2560,,2560
"2024-02-28","Stock Purchase - victory",,3721,-3721
"2024-02-28","Carry Bag and HIT",,637,-637
"2024-02-28","Akash and Vaishak daily salary - 28/2/2024",,500,-500
"2024-02-29","Sales - 28-02-2024",2250,,2250
"2024-03-01","Milk Purchase",,696,-696
"2024-03-01","Zepto - Sugar, ginger, soup",,802.43,-802.43
"2024-03-01","Ram Loan",25000,,25000
"2024-03-01","Bank Charges for minimum balance",,2360,-2360
"2024-03-01","Sales - 29-02-2024",1817.06,,1817.06
"2024-03-01","Giri Loan",15000,,15000
"2024-03-02","Shop Rent - Feb 2024",,33000,-33000
"2024-03-02","Sales - 01-03-2024",4260,,4260
"2024-03-02","Nandhini Capital Contribution",15000,,15000
"2024-03-03","Milk Purchase",,696,-696
"2024-03-03","Sales - 02-03-2024",2874.65,,2874.65
"2024-03-04","Amazon and Big Basket purchase - Honey, soup, lemon, mint, chilly, badam mix, dustbin cover",,1480.81,-1480.81
"2024-03-04","Sales - 03-03-2024",3625,,3625
"2024-03-04","Akash and Rathna daily salary - 04/03/2024",,250,-250
"2024-03-05","Akash,  vaishak and Rathna daily salary - 05/03/2024",,250,-250
"2024-03-05","Milk Purchase",,696,-696
"2024-03-05","Stock Purchase - victory",,4059,-4059
"2024-03-05","Sales - 04-03-2024",1985,,1985
"2024-03-05","Malli Salary - Feb 2024",,20000,-20000
"2024-03-06","Sales - 05-03-2024",2235,,2235
"2024-03-07","8 Inch Plates and Head cap",,320,-320
"2024-03-07","Zepto - Milk and Lemon",,226.49,-226.49
"2024-03-07","Tea Powder - 1 kg refund",230,,230
"2024-03-07","Cash Deposit to Bank",100,,100
"2024-03-07","Sales - 06-03-2024",2879.47,,2879.47
"2024-03-08","Milk Purchase",,696,-696
"2024-03-08","Sales - 07-03-2024",2315,,2315
"2024-03-09","Sales - 08-03-2024",2250,,2250
"2024-03-10","Milk Purchase",,696,-696
"2024-03-10","Stock Purchase - victory",,4540,-4540
"2024-03-10","Sales - 09-03-2024",2173.6,,2173.6
"2024-03-10","Curd, Mint purchase",,280,-280
"2024-03-10","Bharath paid 500 for Garbage in Bank",500,,500
"2024-03-11","Oil/soup/ginger/tea filter/ice cream and curd purchase",,2211.81,-2211.81
"2024-03-11","Sales - 10-03-2024",3090,,3090
"2024-03-12","Zepto - Milk, ginger, curd, soup and oreo",,788.89,-788.89
"2024-03-12","Sales - 11-03-2024",1984.11,,1984.11
"2024-03-12","Bank Charges- account keeping charges",,159.94,-159.94
"2024-03-13","Milk Purchase",,696,-696
"2024-03-13","Jio Recharge and momo cloth",,525,-525
"2024-03-13","Sales - 12-03-2024",2255,,2255
"2024-03-13","Misc income by swiggy",2,,2
"2024-03-13","Oil purchase",,743,-743
"2024-03-14","Oil purchase",,743,-743
"2024-03-14","Cash deposit",1000,,1000
"2024-03-14","Stock Purchase - victory",,6259,-6259
"2024-03-14","Mop Stick Purchase",,85,-85
"2024-03-14","Sales - 13-03-2024",4525.26,,4525.26
"2024-03-14","Biscuit Purchase",,360,-360
"2024-03-15","Sales - 14-03-2024",2453.12,,2453.12
"2024-03-15","Milk Purchase",,696,-696
"2024-03-15","Coffee Powder Purchase - 10 KG",,5840,-5840
"2024-03-16","Sales - 15-03-2024",2924.41,,2924.41
"2024-03-16","Oil return from Flipkart",185,,185
"2023-12-01","Shop Digital works  Part Payment",50000,,50000
"2023-12-22","Masz Designs signboard payment",55000,,55000
"2024-01-08","Shop Foam Board Stickers",17000,,17000
"2023-11-27","Shop Interior - Part Payment",50000,,50000
"2023-12-01","Shop Interior - Part Payment",100000,,100000
"2023-12-13","Interior - Part Payment",50000,,50000
"2023-12-21","Part Payment to Interior",55000,,55000
"2023-12-30","Interior Payment",106700,,106700
"2024-01-03","Shop interior - New Motor and Toilet work",10000,,10000
"2024-01-10","Shop interior - Toilet work",28000,,28000
"2024-02-20","Shop interior - Wash basin change and switch board",12400,,12400
"2023-06-04","Teapreneur Subscription for opening new tea shop",,35000,-35000
"2023-06-16","Stamp Paper Purchase",,600,-600
"2023-09-17","Rental Deposit and Rental Advance",,49000,-49000
"2023-11-27","Shop Interior - Part Payment",,50000,-50000
"2023-12-01","Shop Interior - Part Payment",,50000,-50000
"2023-12-02","Shyam Capital Contribution",,100000,-100000
"2023-12-13","Interior - Part Payment",,50000,-50000
"2023-12-14","Homam - Iyer Balance Payment",,3000,-3000
"2023-12-15","Purchased 3 TV",,150,-150
"2023-12-21","Kitchen Equipment and Stock purchase at Dmart",,100,-100
"2023-12-22","FSSAI License",,5000,-5000
"2023-12-23","Package Material - Cups ",,18500,-18500
"2023-12-24","Kitchen equipment purchase",,6339,-6339
"2023-12-24","Billing Printer Purchase",,8000,-8000
"2023-12-24","test",,1,-1
"2023-12-25","Bulb and Holder Purchase",,130,-130
"2023-12-25","Sprinkler, kitchen supplies and  Flavoured Tea purchase",,1688,-1688
"2023-12-26","Puff Purchase",,480,-480
"2023-12-27","Puff Purchase",,240,-240
"2023-12-29","Puff Purchase",,215,-215
"2023-12-29","Recruitment expense",,20000,-20000
"2023-12-30","Excess Money received transferred to Loan Account",15943,,15943
"2024-03-16","Capital Increase",,22500,-22500
"2023-12-30","Interior Payment",,106700,-106700
"2023-12-30","Excess Money received transferred to Loan Account",,15943,-15943
"2024-02-01","Nandhini capital and shyam loan",,10,-10
"2024-03-16","Capital Increase",22500,,22500
"2024-01-26","Canva Pro software subscription",299,,299
"2023-12-30","Stock Purchase",6096,,6096
"2023-12-31","Soda, lemon, samosa, tissue  purchase and tripper switch",763,,763
"2024-01-01","Stock Purchase",3913,,3913
"2024-01-04","Stock Purchase - Victory",4454,,4454
"2024-01-06","Dmart and Victory Purchase",2415,,2415
"2024-01-08","Vaibhav Purchase",418,,418
"2024-01-09","Victory Purchase",925,,925
"2024-01-09","Garbage Bag  and stock Purchase",1232.55,,1232.55
"2024-01-10","Ice Cube purchase",100,,100
"2024-01-10","Soup and Oil purchase",601,,601
"2024-01-11","Aura Purchase",1610,,1610
"2024-01-13","Victory Purchase",9524,,9524
"2024-01-13","Stock purchase (soup)",270,,270
"2024-01-15","Victory Purchase",4348,,4348
"2024-01-15","Floor cleaner, oreo, kitkat, dark fantasy purchase",730,,730
"2024-01-15","Stock Purchase  and supplies by Madhan",658,,658
"2024-01-16","Victory Purchase",2847,,2847
"2024-01-17","Vaibhav Purchase",1583,,1583
"2024-01-17","Victory Purchase",947,,947
"2024-01-18","Victory Purchase",240,,240
"2024-01-19","Stock Purchase - BigBasket",780,,780
"2024-01-19","Xantham Gum Refund",,588,-588
"2024-01-20","Ice cream 4kg 4 and Sause",1328,,1328
"2024-01-20","Stock Purchase -  DMART - Soda and OIL",1710,,1710
"2024-01-20","Water Bottle",200,,200
"2024-01-20","Stock Purchase - Packing material",560,,560
"2024-01-21","Stock Purchase -  Ice and Lemon",120,,120
"2024-01-22","Water Bottle and corn purchase",270,,270
"2024-01-23","Butter and Coffee powder purchase",80,,80
"2024-01-23","Stock Purchase - Victory",1116,,1116
"2024-01-23","Vaibhav Purchase",1907,,1907
"2024-01-24","Stock Purchase - Victory",1265,,1265
"2024-01-25","Screw Driver, Phenyl, lemon purchase",70,,70
"2024-01-26","Stock Purchase - Victory",2356,,2356
"2024-01-26","Surf, Chilly and Multi Pin Purchase",40,,40
"2024-01-27","Stock Purchase - Victory and mint",581,,581
"2024-01-27","Hand Wash Purchase",100,,100
"2024-01-28","Ice Cube Purchase",100,,100
"2024-01-28","Stock Purchase - Victory",6311,,6311
"2024-01-28","Water Bottle",200,,200
"2024-01-29","Ice Cream Purchase",1298,,1298
"2024-01-30","Ginger, sponge and match box",54,,54
"2024-01-30","Zepto - Stock Purchase and stool purchase",755,,755
"2024-02-01","Zepto - Milk and sugar purchase",687,,687
"2024-02-01","Lemon, panner and oil purchase",372,,372
"2024-02-02","Ginger",40,,40
"2024-02-02","Stock Purchase - Victory",7309,,7309
"2024-02-03","Dmart purchase - water bottle and soda",557,,557
"2024-02-05","Boost, Horlicks and Badam -Purchase",275,,275
"2024-02-06","Stock Purchase - Mint, Ginger",60,,60
"2024-02-07","Ice Cream Purchase",1599,,1599
"2024-02-07","Stock Purchase - Victory",6273,,6273
"2024-02-07","Lemon Purchase",23,,23
"2024-02-09","Soup purchase",190,,190
"2024-02-10","Stock Purchase -  Rose Syrup",396,,396
"2024-02-12","Stock Purchase - Ice cream, oil and victory",9126,,9126
"2024-02-13","Zepto - ginger and soup",309,,309
"2024-02-14","Corn Flakes and Plate",420,,420
"2024-02-16","ginger and Lemon",90,,90
"2024-02-17","Stock Purchase - victory",4478,,4478
"2024-02-17","Dmart - Water bottle, soda, dustbin, jaggery powder",1012,,1012
"2024-02-19","Stock purchase -  Hibiscus, Ginger, lemon, mint and SOP print",328,,328
"2024-02-22","Stock Purchase - Nattu kashayam ",450,,450
"2024-02-22","Stock Purchase -  Choco syrup, lemon, oreo, soup, ginger",773.34,,773.34
"2024-02-23","Stock Purchase - victory",3792,,3792
"2024-02-24","Zepto - Milk and Lemon",243.02,,243.02
"2024-02-28","Stock Purchase - victory",3721,,3721
"2024-02-29","Ice Cube Purchase",100,,100
"2024-03-01","Zepto - Sugar, ginger, soup",802.43,,802.43
"2024-03-03","Oil Purchase",202,,202
"2024-03-04","Amazon and Big Basket purchase - Honey, soup, lemon, mint, chilly, badam mix, dustbin cover",1480.81,,1480.81
"2024-03-05","Corn Flakes Purchase",30,,30
"2024-03-05","Stock Purchase - victory",4059,,4059
"2024-03-07","Zepto - Milk and Lemon",226.49,,226.49
"2024-03-08","Corn Flakes Purchase",20,,20
"2024-03-09","8 Inch Plates, Crush,  Peanut chikki, corn, ginger purchase",690,,690
"2024-03-10","Stock Purchase - victory",4540,,4540
"2024-03-10","Curd, Mint purchase",280,,280
"2024-03-11","Oil/soup/ginger/tea filter/ice cream and curd purchase",462.81,,462.81
"2024-03-12","Zepto - Milk, ginger, curd, soup and oreo",788.89,,788.89
"2024-03-13","Oil purchase",743,,743
"2024-03-14","Oil purchase",743,,743
"2024-03-14","Stock Purchase - victory",6259,,6259
"2024-03-14","Ice Cube Purchase",100,,100
"2024-03-16","Oil return from Flipkart",,185,-185
"2023-06-04","Teapreneur Subscription for opening new tea shop",75000,,75000
"2023-08-28","Purchase of Kappiccino Domain in GoDaddy for 3 years",2781,,2781
"2023-12-19","Tea Powder Purchase",11500,,11500
"2023-12-20","Special Tea Purchases",3185,,3185
"2023-12-25","Sprinkler, kitchen supplies and  Flavoured Tea purchase",556,,556
"2024-02-17","Tea Powder - 2 kg refund",,460,-460
"2024-03-07","Tea Powder - 1 kg refund",,230,-230
"2023-12-16","Jio Wifi and landline connection for 6 months",3278,,3278
"2023-12-23","Jio telephone connection refunded",,3278,-3278
"2024-03-13","Jio Recharge and momo cloth",395,,395
"2023-12-15","Purchased 3 TV",27000,,27000
"2023-12-18","TV wall mount purchase",750,,750
"2023-11-18","Trade Mark fees and stamp paper purchase for POA",18000,,18000
"2023-12-15","Purchased 3 TV",150,,150
"2023-12-19","Tea Powder Purchase",100,,100
"2023-12-20","Coffee Powder Purchase - 10 KG",20,,20
"2023-12-21","Kitchen Equipment and Stock purchase at Dmart",100,,100
"2023-12-22","Carton box purchase",200,,200
"2023-12-23","Package Material - Cups ",845,,845
"2023-12-24","Raw Material Purchase - Victory",100,,100
"2024-01-01","Puff Purchase",305,,305
"2024-01-09","Sugarcane plate and parcel box",369,,369
"2024-01-20","Ice cream 4kg 4 and Sause",55,,55
"2024-01-22","Boiler washer purchase - 12",190,,190
"2024-01-13","Sales - 13-01-2024 and used oil sale",,440,-440
"2024-01-27"," used oil sale",,450,-450
"2024-02-10"," used oil sale",,450,-450
"2024-03-05"," used oil sale - 12.5 Litres",,500,-500
"2024-02-25","Water Bottle Purchase",330,,330
"2024-03-16","Water Bottle Purchase",330,,330
,,,,
,," "," ",
,," "," ",
